domain	category	country
alchemist.com.sg	Coffee & Tea	SG
anker.com.sg	Computers & Electronics	SG
bettrcoffee.com	Coffee & Tea	SG
birdsofparadise.sg	Bakery & Desserts	SG
boxgreen.co	Office & Business Supplies	SG
brewlander.com	Drinks & Alcohol	SG
byndartisan.com	Books & Stationery	SG
camelnuts.com	Grocery & Pantry	SG
commonmancoffeeroasters.com	Coffee & Tea	SG
dutchcolony.sg	Coffee & Tea	SG
ergotune.com	Office & Business Supplies	SG
forewordcoffee.com	Coffee & Tea	SG
gloriousgaming.com	Computers & Electronics	US
greatjonesgoods.com	Kitchen & Dining	US
gryphontea.com	Coffee & Tea	SG
huggscoffee.com	Coffee & Tea	SG
intertech-hardware.com	Home Appliances & DIY	SG
irvinsaltedegg.com	Grocery & Pantry	SG
janicewong.online	Bakery & Desserts	SG
journeyeast.com	Home & Living	SG
kinokuniya.com.sg	Books & Stationery	SG
kohepets.com.sg	Pets	SG
kydra.co	Fashion & Apparel	SG
lux-lumens.sg	Home & Living	SG
metro.com.sg	Department Stores & Marketplaces	SG
motherswork.com.sg	Baby & Kids	SG
parchmen.co	Coffee & Tea	SG
pazzion.com	Footwear & Bags	SG
picketandrail.com	Office & Business Supplies	SG
plainvanilla.com.sg	Bakery & Desserts	SG
popular.com.sg	Books & Stationery	SG
pppcoffee.com	Coffee & Tea	SG
prismplus.sg	Computers & Electronics	SG
prycetea.com	Coffee & Tea	SG
pupsik.sg	Health & Wellness	SG
scanteak.com.sg	Home & Living	SG
sg.allies.shop	Beauty & Personal Care	SG
shoppy.sg	Department Stores & Marketplaces	SG
sixeleven.xyz	Grocery & Pantry	SG
spectrumstore.sg	Gifts & Flowers	SG
supernature.com.sg	Grocery & Pantry	SG
thefishwives.com	Grocery & Pantry	SG
thegoldenduck.co	Grocery & Pantry	SG
thesocialspace.co	Home & Living	SG
thetinselrack.com	Fashion & Apparel	SG
toyster.sg	Toys & Games	SG
ugreen.com.sg	Computers & Electronics	SG
windflowerflorist.com	Gifts & Flowers	SG
worldpolo.sg	Footwear & Bags	SG
zenxin.com.sg	Grocery & Pantry	SG
